price,imports,q_commercial,q_industrial,q_residential,wind_cap,solar_cap,hydronuc,weights
47.448433593495935,9.395365853658536,19.702637620021438,3.8884822106437777,12.997620124512729,0.22765507986991873,0.6690761778861787,9.188146341463415,123
32.64782098058252,8.602310679611652,10.465423710123096,3.5081048506431585,11.739481115010477,0.369588129223301,0.0048425532327182885,3.42647572815534,103
30.203329637795278,7.536929133858267,14.33686292136618,3.2285159281870057,9.544676292872328,0.09241515719685026,0.11029629862385826,6.667606299212599,127
42.35011117241379,7.049155172413793,15.129435180770205,6.037778850031694,8.799846343705314,0.21008053661206894,0.7288103495689653,3.7304913793103442,116
35.98483855263158,5.197631578947368,9.484156537213991,3.440217948884658,9.574414994101401,0.5175845907894737,0.40288033315789484,3.0138026315789483,76
25.618528992592594,7.5053777777777775,13.539871565109717,4.957288871750087,7.511787710811454,0.09980945236296296,0.43346561214814816,3.1248,135
33.88591324657534,8.279986301369863,15.293521374059402,4.918937035782413,6.219089400385496,0.5957715423287673,0.002129420821917638,3.392753424657534,73
54.27293320588236,8.740156862745097,10.994476514258482,3.749804749243313,12.662650109344463,0.4865937206862746,0.01856939903274482,5.26471568627451,102
34.929070372727274,10.031281818181819,14.239097673904919,3.709108790612816,18.14109352772261,0.4870548028181818,0.03418277723481805,5.695209090909091,110
42.47437679220779,7.443298701298701,11.444513987029941,3.092784155717629,13.528091552800918,0.4955227074025974,0.0028112374035063614,9.281012987012986,77
46.9347282,9.891966666666667,11.872549952143672,3.1790408647900437,13.129642555603308,0.6667911206666667,0.0047100546333334325,8.349099999999998,30
47.35986516129033,8.478881720430106,16.890842661150618,6.65176697384959,12.658573177870407,0.20358807417204305,0.7501084484946237,4.430645161290323,93
24.36253780882353,6.0959264705882354,13.527169766508955,4.60180050076622,8.19466222102753,0.10161415926470588,0.23712214642647056,3.176294117647059,68
34.076816032258066,6.232956989247312,9.865456960779305,2.7851667948071976,10.745182753188823,0.1834728043870968,0.3843742310752689,3.6954946236559136,93
40.42086459375,4.96928125,17.175706762406044,5.9393455533090105,4.240135175162555,0.11684021390624999,0.5573743246875,4.0414062500000005,32
42.734771452380954,4.428976190476192,13.389912117292306,4.39126609790597,8.705821813464059,0.24296452023809523,0.07353144839428571,3.5820714285714286,42
38.78968653763441,9.633827956989247,18.835349599723294,3.974730823500315,10.561984069190236,0.20085076717204298,0.5199387813978495,8.330182795698926,93
24.90285478846154,9.303519230769231,15.025803793154868,3.8987618942368787,8.65999212660409,0.5223785815384615,0.29612675236538466,3.9914615384615386,52
39.20389855357143,7.637357142857143,17.231729554626487,4.0134520608382145,9.782675618384204,0.3038013555357143,0.6181125628571429,4.6418035714285715,56
27.54166260606061,9.267000000000001,12.903289630187153,3.328204627226471,13.005732949077814,0.756851968030303,0.02007373120151512,4.762242424242424,66
42.58114855639098,8.717902255639098,11.19400354780285,4.267040022613336,11.97200902336993,0.7560540976691726,0.011552521465639204,4.896142857142857,133
9.573322966292693,5.045422764227643,9.309262053092537,2.52509101419119,8.45568754557653,0.26090618137398375,0.004364948824390286,7.725910569105691,123
23.18592442405063,4.548993670886075,9.831207815995036,2.8083859019588866,8.743437944868052,0.09874876916835437,0.0003870735759496924,5.849512658227847,158
41.0036071,7.57024,13.977001263430154,5.35195917850159,8.629339583103784,0.663436602,0.4189171074,4.78576,50
44.417337898305085,5.91584745762712,12.053742407379955,5.046176371884641,16.210013418841847,0.6229453998305085,0.02037222258813559,5.03506779661017,59
43.629492378151255,9.241638655462184,11.442184842429702,4.507129765545826,13.073265202081132,0.5884520665546218,0.004936927097731081,4.1063109243697475,119
44.56539435,8.732149999999999,15.072713716866422,3.92870551671846,15.077780841392793,0.40239889725,0.5099982930000001,5.7714,40
47.13611886046512,7.42753488372093,11.447153974289575,4.294950974225624,11.611259332729178,0.48945824348837214,0.02092836726542638,4.390023255813953,129
44.24058080434782,9.05894927536232,12.53549573466162,4.24244060303336,12.15259994121573,0.1356174047101449,0.006815582057971142,4.043594202898551,138
60.03829561538461,8.402205128205129,13.450530180006478,3.090666752042351,18.612854394128757,0.4266792933333333,0.7065007179487179,9.776333333333334,39
27.613762612068967,7.971905172413793,11.730029395896496,3.2486868011669108,13.029059678714571,0.5788549363793103,0.020923190020948168,4.880370689655172,116
39.0238669032258,8.194491935483871,10.732226617498865,3.544425228139379,11.260291776552018,0.5846302457258066,0.006557987699193579,4.045387096774194,124
31.730930153846153,7.2083076923076925,10.433822678049742,2.7127652735885395,12.5571140493014,0.3373240876923077,0.029166524006730588,8.736,104
39.78301704166667,7.8125277777777775,16.520668943845067,3.9066721835048557,9.435061570495677,0.26862193902777776,0.3863482201388889,3.9895277777777776,72
58.31188811111112,9.64074074074074,13.38694454937431,5.626858474610035,18.124178404853062,0.4956705392592593,0.347797095,5.585833333333333,54
33.0642919875,9.66675,15.846403178480156,3.9227695842592487,9.269364635214336,0.27417531557499997,0.37365769531250015,8.147324999999999,80
42.04139951162791,7.47039534883721,15.070880696625958,6.272172412716413,15.409691122102362,0.487854525116279,0.7435907125581398,5.047627906976745,43
48.88618546511628,9.02206976744186,13.284771639699521,3.2258178358895107,19.60515477319933,0.4575640211627907,0.6988576362790697,5.921813953488372,43
40.856263361702126,5.580382978723405,11.56654288268262,3.625651816846948,9.841869207354964,0.36306485829787233,0.03588536792042557,9.155340425531916,47
27.54165561946903,7.3637451,14.557033453755693,3.361914778997459,8.87623759227091,0.120107531460177,0.25335705103539824,3.476770404778761,113
30.363644923809524,7.099123809523809,9.397780773129078,2.50397478677635,11.864111075403343,0.116139129152381,0.015709431995047457,6.677076190476191,105
5.528906498599071,4.778018518518518,9.758762259909748,2.819782290691862,7.871844305291081,0.5259108372222221,-5.551115123125783e-17,8.277990740740742,108
15.887758333333338,8.35622,11.15995397696357,3.141103942088326,8.066795419721364,0.7074042418666666,0.0006399854333336008,3.2277199999999997,150
29.112375871999994,8.365648,11.975620952940222,3.228709673883014,11.408861415832352,0.50533245712,0.005911973158720024,7.999528000000001,125
54.06757062962963,7.206851851851852,15.862840403484693,5.757596779300984,12.336821958809477,0.20574759859259262,0.47371508407407403,2.7584444444444447,27
21.869357261538468,5.014723076923076,8.76342999799894,2.5606009563147953,11.002415140376081,0.2177068007846154,0.35204428399999993,3.4932153846153846,65
38.66086912631579,7.7501263157894735,10.557677413949436,3.8665469407080253,10.092638838308236,0.2777865594736842,0.5841525705263158,4.055957894736842,95
21.562365821428575,5.326885714285714,10.121772752586784,2.9959128152717467,8.589950180737713,0.49556742678571436,0.0031701521378573183,8.398064285714288,140
53.14063241666666,7.974833333333334,19.131587093670824,4.547939304303842,15.218373560397987,0.2731636887166667,0.7600294201666666,5.934233333333333,60
27.979550901515154,7.313795454545454,12.919876511311259,4.509565850609262,8.540292442532046,0.08368502000000011,0.09704839336363638,3.207560606060606,132
58.175563666666676,8.21295238095238,14.166369021380529,5.671568854530968,13.603062091886688,0.45449759666666667,0.44935054738095237,5.139642857142857,42
27.568287102040813,6.370271727210885,9.608437067352309,2.6587850028458657,11.33390034954274,0.28658275210884354,0.015712995362721194,4.098144698639456,147
33.67908676785714,6.927821428571429,10.953007377380217,4.072212500725499,12.299012359021406,0.1262831418392857,0.45828831142857146,2.692767857142857,56
19.222887447552456,5.4450559440559445,9.48430858750629,2.6547357106629423,8.346368279144503,0.13566360645244752,1.8163653846353656e-5,2.6928251748251744,143
38.21365072093023,9.356395348837209,18.06837274358492,6.967929269026152,5.573837547772854,0.2565793936511628,0.3908751679069768,4.302651162790697,43
25.97837819607843,6.2207124183006535,10.5167000505303,3.076406343826176,8.942253112442053,0.21948645364705885,0.0034015480849675928,5.969777777777779,153
48.27191118032787,7.825409836065574,16.67269653364484,5.310291455604955,6.9194875595619845,0.20367732919672132,0.02281682577049185,4.318819672131148,61
16.224077745714293,5.784999999999999,9.719445803631576,2.7792847759798898,8.166059951892079,0.5438098858095238,0.002042481809523655,3.517371428571428,105
28.308244307692306,9.933961538461539,13.282552268463917,3.334072574177883,13.413509725735656,0.21290523871153844,0.6177508826923079,4.767269230769231,52
24.578109861176472,7.288094117647059,14.13893833173416,5.091260050675996,8.038436772308758,0.3304592974117647,0.5357915518823528,3.299364705882353,85
26.034569545454552,10.071262626262627,16.355578648184995,4.242335993749888,9.361479326956836,0.2911521363333333,0.3890967019191919,4.566656565656565,99
29.61401605970149,8.385358208955225,13.97292473298148,5.027852904464376,5.510043272754418,0.4207900419402985,0.0037026452014924383,3.469014925373134,67
30.505969867924527,8.128396226415095,15.775751722711634,4.125533373461887,8.876488365990477,0.207585423509434,0.642233024716981,4.67666037735849,53
47.514998647058825,5.515323529411765,9.229371860285376,2.996793647512857,11.073609021523145,0.09281071130686269,0.015496076325293984,3.0121764705882343,102
27.468843576086957,8.113521739130434,13.641624544640793,4.8638126882681565,7.903280143701545,0.22379197707608695,0.2999101150000001,3.350163043478261,92
61.48164217647059,8.007058823529412,21.039230631640987,7.345181648376306,11.35523467628682,0.5733598135294118,0.10855654599999999,6.075,17
29.039851848484844,6.601727272727273,10.633668813501567,2.565636633403316,10.83336126777146,0.25384687803030304,0.5548830346969695,8.88930303030303,66
53.10543942045455,7.011193181818182,10.51776962084818,3.5871948811703613,11.67072864127006,0.6357065584090908,0.012966473254090727,3.8852272727272723,88
34.19187392258065,6.635212903225807,9.703279606219754,3.2678153242522168,7.8505244074910525,0.5563951218064516,0.0001725684516132031,3.2120516129032257,155
25.843576209374994,7.92134375,11.128068968530464,2.8858831285023108,10.616938498638076,0.38640007671875004,0.7517841257812499,8.877843749999997,64
133.58082725,6.732166666666667,24.70998104023066,8.198177880254416,9.933757722194144,0.3496945616666667,0.6635261000000001,5.423,12
48.9412904,3.3815999999999997,16.995870967578245,6.847396784497347,13.871582305647427,0.460104882,0.754108826,5.01325,20
27.644871589743587,6.483653846153846,11.377414262364852,4.639868052966175,10.390666422906927,0.2835381651282051,0.7339279471794873,3.5028076923076923,78
21.94486556545455,6.032563636363637,9.620155593665782,2.4067673159769614,11.21371339507082,0.07907172897454548,0.5418853418181817,8.146709090909091,55
46.4665834,7.706733333333333,11.586778598783207,4.662354934654233,13.536549810503649,0.537005505,0.6978511114999999,4.992283333333333,60
46.59880976086957,8.322739130434783,12.231567714323964,4.446128719593391,19.810303528606156,0.23698365432608698,0.49609826652173916,4.425804347826087,46
42.16027392307692,7.9054725274725275,14.81333224652101,6.1454292008580005,8.468842864140901,0.49392948802197795,0.7749489697802197,4.255021978021978,91
28.872815160000002,6.5860899999999996,14.208486737924742,5.375368912364282,8.106034386900257,0.10613897805999992,0.49241297289999997,2.206980000000001,100
42.5807788,8.516866666666667,15.083341135183405,3.524814287941757,13.162911046925744,0.6764812446666666,0.559741619,10.075066666666666,30
28.650835971014494,6.975246376811594,9.861671210460385,4.17563845870047,8.954675844249108,0.3118437585507246,0.011417300956521909,3.28172463768116,138
34.264134781609194,8.086275862068966,10.066081038513984,3.7264379414283546,8.19907876916002,0.5502994771839081,0.0011628068712647155,3.502327586206896,174
45.38412968852459,8.761983606557378,14.807521744677834,5.997717884209967,11.721399712060483,0.6310380893442622,0.7196606419672129,5.48527868852459,61
53.60445010169491,5.739593220338983,12.248385146350117,4.466769130481689,11.59562533499059,0.2606349944067796,0.014173858727118654,3.8017627118644066,59
33.07151632857143,5.8925214285714285,15.006973949367026,3.5449029925663074,8.855137299729492,0.07405691873571432,0.19827898300500002,6.701871428571429,140
39.908831376146786,7.003412844036697,9.386496853069035,3.160444979921503,8.042590302495032,0.3571960696330275,0.004946596614678778,1.6990366972477058,109
26.260926187499997,9.2359375,12.550486802901045,3.045543015224223,12.121470269460746,0.5976217475000001,0.8656486318750001,9.908749999999998,16
59.91756038157894,9.366986842105264,15.480812465574212,6.375033152791207,17.441864926657612,0.4647900030263158,0.6931945463157894,5.6311447368421055,76
41.1134782247191,6.648078651685394,10.90701400705399,2.8484568437589752,13.957596503180769,0.32870602101123597,0.0014681638089885096,7.340213483146066,89
37.875501685185185,9.403296296296297,15.144589120885987,3.671569200058995,15.793786157080998,0.6177004203703704,0.5302360788888889,5.9982037037037035,54
44.92339266666667,9.859064102564101,12.242987531887508,4.878579170714384,13.641317893124496,0.6665851735897437,0.021978957756410178,5.401858974358975,78
28.159536574712646,9.339275862068964,12.952496675317283,4.104079380248789,9.72886068387532,0.3708443522988506,0.0475838204474712,7.915712643678162,87
35.41755399468085,7.8370797872340425,12.987579294723334,4.284898301286504,9.516389416227348,0.2738766368085106,0.03695792382010657,3.721148936170213,188
35.156859833333336,7.255427083333333,11.965863541991583,3.036566171634989,10.56744528081929,0.09526022463541678,0.43034248499999994,3.86634375,96
40.54541252941176,9.659838235294117,14.081233371640463,3.557728406408958,18.08899400720566,0.6361973063235293,0.015530999808823442,9.41260294117647,68
41.46757325,8.556557692307692,19.050390502885474,3.923163051667736,12.329465646494478,0.2705443830576923,0.7542380732692306,5.36875,52
14.504396352380951,7.790785714285715,10.583748521991314,2.746653698279239,10.317621600247016,0.5142117123809524,0.2939497607142857,8.391404761904763,42
45.29144154716981,9.614490566037736,19.20299220413296,6.51982532662762,9.442484430364305,0.6360588705660378,0.017277666981132145,5.42211320754717,53
50.313044602272726,8.068931818181818,11.854672907897541,4.5598759838397624,9.76861015416277,0.09673794031818175,0.03591311206227257,3.0804545454545456,88
64.87446544444444,6.486,13.07994305316036,4.749427750158969,7.808495899920862,0.13837492824444447,0.3632259835555556,1.9539333333333335,45
63.29821472857142,8.93757142857143,11.697024555435188,4.002826185751401,12.167634969975506,0.16048232001428578,0.002675487458857012,3.5250571428571424,70
29.48015781981982,7.75109009009009,10.394543713569881,5.00656629941066,9.106340425327653,0.4071864178378378,0.008327536975855726,3.365351351351351,111
58.09280270000001,7.16698,11.61685922359552,4.133848623519994,13.120872147109676,0.22563118625,0.009712387844799775,2.83122,100
51.868450333333335,9.409722222222223,22.750464051694806,7.760211685641638,6.690518739532543,0.2143283209722222,0.5676401419444443,5.227222222222222,36
14.466579014423075,8.492826923076922,11.310018217409286,3.560012284714787,9.303402161527895,0.4121335042307692,0.004408723220384436,7.9861249999999995,104
25.27613993577982,7.118266055045872,9.688901139256547,2.764435266279858,9.075599369914476,0.09491676520091749,0.007064656310091677,5.6469266055045875,109
35.85114634756098,6.654670731707317,9.449236991795894,3.2424371552982882,8.013960035151722,0.3514349165243903,0.003780430602683238,3.284713414634145,164
47.495867619047615,4.948396825396825,10.638541056411233,4.547148427342765,9.524707441591575,0.1519385454444444,0.015779845771745987,3.606809523809524,63
23.523243868613143,5.531087591240876,9.294795786445755,2.516232810664892,8.940796203336943,0.21669861992700729,9.396761445282231e-5,4.542423357664234,137
52.04943926829268,9.213975609756098,16.88814750286757,3.754573071346958,17.497596435983382,0.4400292153658537,0.5937587470731707,9.714560975609757,41
41.17044516666667,8.665791666666667,12.506471295448248,2.974051066158281,14.693102645285991,0.2676503885416667,0.8009287302083332,8.720770833333333,48
21.53218064179105,8.494179104477611,11.618108194895413,3.105092330327695,10.801844260138475,0.7233227673134329,0.03896689277059706,8.433119402985074,67
35.56826822972973,6.728391891891892,12.90765916827886,4.034717414755833,5.219028839026211,0.17695587085135137,0.004386390498648474,2.8502837837837838,74
59.97549676190475,7.959404761904762,13.009891270721724,5.147948572866027,21.477945864977894,0.330801097,0.6338649454761907,5.628595238095238,42
40.62930314141414,9.166313131313132,11.828233130165797,4.505486752609853,16.283360968146795,0.47633054282828285,0.006418665769696852,3.791414141414142,99
35.640772704545455,6.824431818181818,11.049653201525786,4.374488897359452,13.298346569895257,0.632252904659091,0.0011288296818179056,3.725215909090909,88
49.615791566666665,9.5591,20.439046564443878,7.219849468627315,9.25190395856669,0.5513620346666667,0.47971492533333326,6.164166666666667,30
26.32783094495413,9.736486238532109,12.332207535660707,3.3442529999939983,13.015163265130376,0.6197906550458716,0.0038645640357797273,4.562642201834862,109
31.78009249275362,7.806840579710145,14.642850919518168,6.628806293201648,9.014676098000507,0.24756804608695654,0.3631275295797102,3.593014492753623,69
39.0435228041958,5.61581118881119,8.92510083462822,2.8879736404936898,10.51166679568354,0.30729706573426574,0.03211567082097902,2.802776223776224,143
39.077604170212766,8.977606382978724,13.100160038504239,3.2577497481316104,13.083143273386913,0.23451406488297874,0.006078466342127359,7.096787234042553,94
19.13088001899641,8.777444444444445,11.46724876561722,3.5357628305342588,9.274450755900089,0.54870350172043,0.00293688645770554,3.4949856630824367,279
55.96574486206896,7.882724137931034,16.986738169661823,4.3815068693926245,18.541375615335674,0.45220946379310345,0.731855751724138,6.468275862068966,29
28.670688787878795,5.629006060606061,9.596387126416126,2.5830923046610756,11.184635753279313,0.29145741945454545,0.0318231284955153,6.4026424242424245,165
24.12522936274511,7.831936274509804,9.706893656884173,3.1587249528386576,7.872092180961097,0.3429443393137255,0.00029749830745112726,3.2179754901960798,204
27.101139646258503,7.422530612244898,9.814688193936764,3.885966040031223,7.991141696695639,0.4385579896598639,0.006135021003945751,3.401231292517007,147
23.533586637931037,7.212155172413794,14.149071265198515,3.3904437563795504,8.942381548952742,0.511375534137931,0.5422114253448276,4.767431034482758,58
41.456884627659576,8.015829787234043,11.450535644913835,4.571791383758863,15.245141092350778,0.6025453814893618,0.006941408894680617,4.263978723404255,94
41.0771445,4.691750000000001,13.553458320122893,5.496057362846199,7.597144906190417,0.13333308392857146,0.3739051128571428,3.1588392857142864,56
42.79666150819672,7.680786885245902,13.277347446879993,3.3859853617536806,13.245683618148403,0.4330593347540984,0.002713848290655685,7.150786885245902,61
40.8955114494382,9.236573033707865,11.901426594401007,6.116983270095503,9.25627536181717,0.35135176966292136,0.05062974390258421,3.4329550561797753,89
58.34727698181818,7.7436727272727275,11.480167284248667,4.358512368656919,9.726083976952554,0.34931605327272724,0.03518333100618187,2.6153818181818176,55
13.67650558999999,5.6450375,9.859403682115868,3.9419780125654,8.947143378327791,0.5779500881249999,0.46662605787500006,3.4794125000000005,80
36.36620606451613,9.105462365591398,12.937519173630944,3.3334061300350717,14.864569373918615,0.6606886866666666,0.015417049645161107,9.707376344086024,93
58.313167648648644,8.709378378378378,13.76509795912825,4.810031932231725,22.540816005902254,0.39790004432432435,0.02851145217027032,5.585270270270271,37
28.55259077777778,6.4606111111111115,10.712605198065214,2.984283192485802,10.857989399636766,0.5979503495555556,0.0234382881777776,8.774722222222222,90
34.52168363313609,8.139710059171598,10.457448159743628,3.926893118369938,9.102333283070017,0.7583651150295856,0.0012465104692311046,3.6718224852071013,169
31.510547766666665,8.303516834444444,11.871502637269183,2.9738592397218175,14.127882546392255,0.12706404728888898,0.0036889012524441156,4.9519145233333335,90
49.69959196250001,8.8153,13.886573440905124,4.738703508996026,8.33493558442738,0.12597464440000006,0.530419076125,3.8324999999999996,80
47.15183733333333,7.548936507936508,16.01031198184242,6.63267313777871,10.945538623943996,0.24323956123809526,0.5026680963492064,4.067142857142857,63
26.08069093333333,5.723733333333334,9.353427114762907,2.5704427757620945,9.78112343109096,0.08432777836466662,0.010090434967066853,6.047693333333333,150
35.96031203174603,7.8194920634920635,11.694620606095064,3.1523464115205235,12.757398020298654,0.7029685219047619,0.012092723249206322,9.055365079365078,63
33.35135186792453,5.471188679245283,9.228945693279176,3.0715622723137037,8.288841115571904,0.48815481160377366,0.0015522443396225605,2.702688679245283,106
39.130906,5.912461538461539,11.304059559515881,4.785029590738413,16.53796215890888,0.4422258871794872,0.4899325302564102,4.577282051282051,39
26.432601540983605,6.575590163934426,12.303137264968614,2.9458317989928715,9.838555492629126,0.27675286967213114,0.30128387591803285,4.415114754098361,61
62.57946817543859,9.092859649122806,19.84076047626997,3.8193615937119487,16.203755145402308,0.3137836942105263,0.5159360696491228,9.726315789473684,57
22.17368956603773,7.1393270440251575,11.014216564765874,3.3918064119796405,10.123681438615474,0.34907374792452833,0.005876226855346167,3.673226415094339,159
49.38639316129032,9.470290322580645,16.07999599102771,3.722465642589135,19.011248175918617,0.603100516451613,0.4132965767741935,9.91274193548387,31
53.99278913636364,8.382363636363637,11.761112997109672,4.820966406292893,16.97825394405727,0.3821792593939394,0.48529364848484846,5.487318181818182,66
36.37855718181818,5.621309090909091,15.991369980045505,6.5563866163946045,10.320570604360874,0.503265831090909,0.8399513127272726,3.974309090909091,55
26.092335598540146,7.234948905109489,9.760539345305599,3.649091052226867,7.704946261297296,0.7297552601459854,0.004449602291970944,3.4919854014598544,137
77.0900792352941,5.224176470588235,10.089125595423349,3.3836748786375246,12.39658179431311,0.41056775558823533,1.1102230246251565e-16,2.768029411764706,34
37.154922033333335,5.372333333333334,10.887662421717028,3.219289966701623,12.19008099581017,0.09461027226666666,0.003361695227777517,6.679455555555556,90
48.832368282051284,6.791564102564102,13.135735558114158,4.62620520329692,8.508931078766224,0.31081138705128203,0.07857878538282054,2.6520641025641027,78
39.693258666666665,7.246955555555555,11.306199199966507,4.208728193178288,16.40925040907754,0.14340810611111113,0.5371234442222222,3.602422222222222,45
39.077858189189186,6.629567567567568,18.39428837973785,6.34112379066381,4.574344664438178,0.29923605081081084,0.6333681872972973,3.789162162162162,37
34.38461789285714,8.51330357142857,12.749555412772404,4.599981044831615,9.057802846648887,0.10427662391071432,0.03744424716321418,3.394571428571429,112
0.09312070779741788,6.077215517241379,10.395219857471357,2.9406365203658344,7.66908332021989,0.6800758130172415,0.00015854142068966182,7.813103448275861,116
83.4620501,7.7223500000000005,15.273799849989237,6.1671850380544715,21.897765120939145,0.3448967715,0.5557664855000001,5.718,20
39.431718525641024,7.02974358974359,11.303556521991311,4.484704397718925,11.86484169172774,0.21051628967948718,0.7671112444871793,3.5308333333333337,78
24.997809030769233,5.5050307692307685,13.170918101851957,5.803319364695066,7.345377945732789,0.5982605793846152,0.389156966923077,3.6717692307692307,65
17.686886153571425,7.55685119047619,10.082720190095229,3.125699292916019,7.868818643350915,0.5667447960119049,0.001286099004166985,3.321803571428571,168
30.05729311764706,7.676964705882353,11.286115304949949,2.8176931256931397,10.420038618863222,0.09955850191882354,0.4190042743529412,6.562,85
55.345243249999996,5.954027777777778,13.2850108528509,4.816969258477248,9.431381138956874,0.39192173055555557,0.4402075725,4.044583333333334,36
77.56424518749999,8.9069375,13.462461672340972,5.111436115927477,10.89997737664316,0.109331715375,0.005189772437500073,3.2337499999999997,16
55.092913330882354,8.025169117647058,11.174156649772263,3.5544270891418837,13.537026463096593,0.31560985779411765,0.0004118195219119658,3.8542573529411763,136
34.91704903125,8.74378125,16.56815126631922,3.785392282839135,9.064987638196529,0.29643767453125003,0.55754185453125,7.2093750000000005,64
19.928356074166675,8.815783333333332,11.03322086217094,3.651853511643331,9.73001729759188,0.35611608083333335,0.015161272490999966,3.6496416666666662,120
55.05712357627119,9.836915254237288,12.867131759701419,4.96400149720775,17.717460094022584,0.3432274022033898,0.027057442128813614,4.750491525423729,59
39.59430407070707,7.549530801010101,12.410048759046346,3.455727780847327,13.155758762782003,0.09713536172727275,0.007996386281413914,4.577368112121212,99
43.16309355172414,9.32201724137931,15.946747506324193,6.0600186541020395,8.178044092766797,0.23474749137931034,0.7486019134482758,4.7265,58
27.88188810084034,7.213266137815126,14.25690320785074,3.095336728368124,9.842239085505335,0.09082233952941174,0.033113786268403334,4.717576305042017,119
42.59970011538462,8.356948717948718,15.479523555020219,6.500843346939773,9.682684456244877,0.21629845128205133,0.5846896365384617,3.453948717948718,78
53.34885809433962,6.528188679245283,10.730396085289724,4.658869471874733,8.93660241022596,0.42405925905660374,0.017816880347169883,4.001056603773585,53
38.464970778688524,5.051319672131147,9.845316801376635,3.4662272177980844,9.259005173513648,0.3767166818852459,0.007735493405737703,2.6223852459016395,122
34.87658995283019,7.442566037735849,10.752998161098049,4.757049212876878,9.699754487079439,0.1568830461603774,0.012877585975282851,2.933613207547169,106
29.76413658762887,5.860876288659794,10.510167338292174,4.286059605442551,10.07219579220276,0.5704574986597938,0.0024829233917523785,3.334989690721649,97
45.609820971014486,7.331347826086956,14.078754122002456,5.388542649302492,8.059268549383077,0.5391922618840579,0.26696009666666665,4.406463768115942,69
49.44171772602739,7.773931506849315,12.50524665573066,4.887140206364601,14.771558339159306,0.37844663671232875,0.051646548308219214,4.510109589041096,73
34.237371,9.493540540540542,15.54809315327471,3.595334251853928,8.615288766689083,0.5489348691891892,0.6228995820270272,8.440635135135135,74
26.306001670454545,6.771494318181818,9.269817036408408,2.839379791642222,10.703820252457588,0.0919842884999999,0.052723032896988736,3.1310113636363637,176
49.21910911688312,6.844337662337662,13.877893091900782,4.9499061098737585,8.049200665527955,0.2023077550779221,0.582979002987013,4.208155844155844,77
30.002082287671232,6.783945205479452,12.716325413277435,5.298757499095855,8.686122476825052,0.5916296798630136,0.2811098879726027,3.7190821917808217,73
57.79723936956523,9.06776086956522,15.585024782338985,5.513474546948421,9.29676154305465,0.30382631,0.6784211326086956,5.138282608695652,46
36.24148196268657,7.931492537313433,9.908802467917415,3.531582964623774,8.341323530415993,0.36947840798507464,0.0034406493501493995,3.6423134328358207,134
31.507363557142856,9.1104,18.130160046041496,4.051445881660237,10.172722675897663,0.15498046308571428,0.640727508142857,5.175228571428571,70
49.26252506578948,7.162342105263158,13.481797690216696,3.3656890735004885,13.261197534458509,0.13545901424999993,0.0020223281819734817,7.355302631578946,76
39.832671529914535,7.639,11.66603723419037,4.902150024473412,10.780274238490238,0.6737454384615384,0.06950652681649569,4.540700854700854,117
22.949505886524825,6.191021276595745,10.209257185363892,2.913270781366929,8.478308903883185,0.4076600138297872,8.80410851065716e-5,5.872829787234043,141
46.869790676923074,7.935353846153846,13.50859030307295,3.453307124540497,18.821225695240848,0.5081485396923077,0.031780951468153906,5.363246153846154,65
32.82625447311828,8.599129032258064,13.986315240722034,3.667291183271925,9.776017325154518,0.24473826279569894,0.049469717440215,6.835483870967742,93
48.70210805555555,8.920814814814815,13.14747993358832,5.5861717865397456,13.852811267564617,0.6902680161111112,0.46097554685185194,5.752944444444445,54
87.98424524999999,3.7672499999999998,12.743994658749891,4.372938563137538,15.507766884007216,0.20348920890000002,0.07513057985000006,4.78455,20
49.69092490243902,7.290670731707317,15.87576172070894,6.299518546738845,9.998256382158413,0.42355459646341465,0.7680960508536585,4.592073170731707,82
20.73709586440678,7.616677966101695,10.249718862107846,2.6753611821280447,10.301614922841646,0.4897211145762712,0.4581801461016949,4.2799661016949155,59
52.59478108571429,6.584271428571428,13.000361240124027,4.676044334517062,8.280937263310186,0.20858025215714276,0.33356564842857145,1.9373428571428573,70
44.359177,9.083390625,20.553393387309065,7.233033700343213,5.697572852476343,0.226957768578125,0.6996550814062499,4.881421875,64
26.29710364848485,6.419121212121213,9.789467992779356,3.834646953655617,7.305569882084653,0.5576154491515152,0.0012193055498185001,3.3112787878787877,165
36.71474351315789,7.124855263157895,15.846390596438543,6.18008682867708,11.986377895270582,0.3538705193421053,0.7822817815789473,4.237513157894737,76
31.18515324691358,7.070395061728394,11.130554837693117,3.0508475108210167,10.249671741259116,0.5140751817283951,0.0016179587506175985,3.3506172839506165,162
40.10014093939394,8.668848484848485,10.05115532652489,3.1186863289031264,13.234279551227775,0.08393021393757569,0.003528527040606355,3.8807030303030303,165
36.49110469607843,8.641254901960785,10.72278339666394,4.846213301527786,9.687326839294768,0.2673665869607843,0.024255046650784096,3.626911764705882,102
37.642631,8.222985714285715,11.175080787829376,4.262952162488474,13.476924141391697,0.4934235185714286,0.004079095721428755,3.4806714285714286,140
42.634034400000004,5.92145,13.321289964478815,5.147681662582082,8.289298375170834,0.17553788295999997,0.13370923563400006,3.27191,100
23.450727151515157,5.379121212121212,10.52274651889754,3.4936871011175388,9.459157314263367,0.2019727988181818,0.34915781954545455,3.123969696969697,66
30.485872483516484,6.594989010989011,14.764374876668418,3.4256811003169787,9.077119855136585,0.3206206865934066,0.08942544907692312,6.6034395604395595,91
19.011647372972977,5.277932432432433,9.46613885728053,3.895523010227384,9.277635485518214,0.29333662432432434,0.673374536081081,3.4022027027027026,74
25.749406838028165,5.873521126760563,9.642753479577529,3.349801199610599,8.180494639563246,0.22211648396478872,0.00042415410563401146,1.902415492957747,142
24.249816052083332,7.629114583333333,10.204357047257405,3.3030969854064947,9.92160845662036,0.18142971318749992,0.2697352509375,3.3873854166666666,96
37.66335508396946,7.394564885496183,9.638583535210858,3.0033369413939814,11.363560403863202,0.2791092283969465,0.01655857073587788,3.391488549618321,131
52.24594970833333,7.042052083333333,9.913126292112768,3.1687743017868426,13.065620264403334,0.3800259401041667,0.0037390759551040043,3.7077604166666664,96
25.558165304093563,6.5589532163742685,9.941966681054483,3.1675650383253595,8.244199327827538,0.08073669081871351,0.002404289445614355,3.3550467836257307,171
37.727147824468084,5.579813829787234,9.712803859276848,3.6080089846944206,8.752687158717414,0.1425086558989361,0.004801009734042905,2.800553191489363,188
31.712231729729734,6.851711711711712,11.191224747472296,3.1103292543280485,11.02451802577942,0.3934940236936937,0.01013356517477465,6.5877567567567565,111
41.14578111111111,9.022825396825397,17.916652967179317,3.7936369276725372,10.103932362264047,0.455898413015873,0.7913304296825396,9.885158730158732,63
35.1476009,7.9593181818181815,15.322521829117981,3.96923832806374,8.54647623228881,0.1740372488181818,0.13145342842327273,4.087109090909091,110
51.061874277777775,5.813111111111112,13.32741134407368,5.699679042083535,18.95540988351392,0.5054666763888889,0.10035157599166669,5.587833333333333,36
46.3338811875,8.8760625,16.617683680539848,3.608350307729391,14.011403298888553,0.3627908865625,0.5691534803125,9.10846875,32
33.14580718487395,8.628613445378152,15.913525436269843,3.6468206389512066,8.764603407173265,0.11889836484873945,0.45242382100840356,6.662235294117648,119
38.60775683333333,7.286526666666667,9.27797271738344,2.908402719244656,12.240357906710726,0.07128602916666665,0.007129676093066889,3.7747266666666666,150
60.22824975,8.58155,16.968010851699972,6.542615870838118,13.18594827561273,0.4048279995,0.5612376747499999,4.99345,40
36.690075416666666,7.9961,12.652890245059256,5.497087300330659,10.188289037154577,0.16158806966666664,0.040741147883333356,2.9818999999999996,60
23.053758476744186,6.477790697674418,10.014137221757782,2.595630323720995,10.09334870097073,0.13606291852325578,0.36282640313953485,3.426953488372093,86
52.644108377049186,6.673393442622951,12.829463118137511,4.457175895603584,12.093180684656073,0.10579136321311466,0.0013906298324589672,4.60483606557377,61
25.057191093333333,6.485786666666667,10.91746167978751,3.6913409371453185,9.466184053879132,0.07904276862399998,0.5433586116,2.505026666666666,75
32.37678705263158,9.63125,18.185335982455076,3.9379017430939607,9.45964382229086,0.2820332434210526,0.7797952040789471,4.970789473684211,76
45.40667776923077,8.587153846153846,18.274817415181968,6.212199491907264,9.15298313041437,0.5092196123076923,0.021315706897435976,5.607051282051282,39
22.212687043478258,9.494195652173913,11.093318861885,2.8818801989958702,10.648648814336985,0.4033523310869565,0.736759765,3.8512608695652175,46
56.06407663414634,8.93748780487805,11.941982529358741,4.6965280075244324,15.440416457531434,0.49654754024390246,0.012758176523170656,5.1879634146341465,82
30.281099429999998,7.8952,12.5575154396043,3.6265401789314473,10.190354457918215,0.09394931037999996,0.04327050016969991,3.94268,100
39.411690444444446,7.630212962962963,11.147262920488178,3.994508270495459,13.7222565832515,0.28596154611111113,0.0016969307698147251,3.2009537037037035,108
39.22850895652174,8.755156521739131,10.764661703653879,4.366571596625418,10.422410161863352,0.6406201193913044,6.0229622608709565e-5,3.3661217391304348,115
37.586329054945054,9.857989010989012,16.30514092224579,3.7065023735966602,8.353895319746078,0.2942570651648352,0.7176512310989012,8.585417582417584,91
41.10373580882353,8.602264705882353,17.474850735196767,3.812413366417045,9.347809304515229,0.21583923951470593,0.7035412713235296,9.521249999999998,68
46.378273367346935,8.282265306122449,13.260014094872798,5.570743979514234,19.993323499973172,0.4654171491836735,0.025860289614285825,5.476510204081633,49
36.00121511688312,6.0958051948051954,12.719695086718424,4.014384904036226,8.853816027794553,0.22633659545454549,0.3487044253246754,3.0906493506493504,77
42.26819464285715,6.0516339285714285,14.25889688258512,5.314410334782575,8.59009447417186,0.1452600866696429,0.4883703007142858,1.9767232142857143,112
32.78825749275362,5.781130434782608,12.827554146651321,3.8827458855946464,4.9471202284569,0.3661021942028986,-1.3877787807814457e-16,2.809101449275362,69
22.028257676470588,6.576205882352941,8.027369003397261,2.342829714798248,11.72744828213866,0.3878387708823529,0.3119389288235294,4.585411764705882,34
140.80213083333334,8.722000000000001,19.41793220515099,4.010545889535124,20.91368909314528,0.3035467625,0.7313034533333334,6.447583333333333,12
34.716337,9.337636363636364,15.54128979378125,6.924104997520287,5.733090046486348,0.3494526703030303,0.055094600222121204,3.8061818181818183,33
41.33587049411765,8.672564705882353,9.945671899262738,2.992138287490935,13.769754565192063,0.3474541757647059,0.00041143981341157376,3.9907529411764706,85
24.279196490566033,7.466254716981132,10.2676797376876,2.8747163530852,9.136500164987401,0.3278901422641509,0.003547350269056476,6.011443396226415,106
27.914569213483144,7.802662921348315,13.777981519359761,3.2356645324958277,9.693039352436015,0.29081600516853934,0.037960026627752746,4.547943820224719,89
35.61031089473684,7.785877192982456,15.911600109481007,5.8316026346544945,10.88246379058994,0.19145178438596497,0.4472846938596492,2.6492807017543862,57
28.381078112994352,7.756796610169491,10.86046086683843,2.883141421804169,13.133290378069825,0.3637622214124294,0.005000473083503182,4.610711864406779,177
48.67316983050848,8.48250847457627,10.343640673173521,3.4639588089425635,10.647468355475105,0.3393842927118644,0.018977198722033933,2.5380338983050845,59
39.35695110769231,7.986,12.096783071621516,4.85324979145132,11.623366992034779,0.37386141215384616,0.3666828112307692,4.219723076923077,65
23.043704124999998,9.596732142857142,11.883352351119216,3.2479435504848864,11.109525547753313,0.28502965910714284,0.41833646053571427,4.153678571428571,56
21.2392710625,6.67746875,10.620114940421505,2.9708301793560157,10.742070603984482,0.64061571609375,0.09982695435937504,4.29778125,64
75.95779784848486,4.112696969696971,12.226733172162891,4.52442880317132,10.094777393964478,0.22974768818181823,0.0671660020978788,2.7396969696969693,33
109.1876616,3.4690999999999996,11.152166249940487,3.838282513975873,9.748551063089751,0.336804363,0.07064232,2.5061500000000003,20
27.76907905194805,6.619707792207792,10.130250094907456,4.433750238803699,8.785129578254352,0.5097223569480519,0.01252183891246772,3.370149350649351,154
37.11760127906977,7.555209302325581,11.677395666354592,3.1386952523248377,12.925451695860955,0.13207483587596902,0.005465435928992374,7.266992248062017,129
25.813933362068965,9.677241379310344,16.591604600724004,3.7965692136480365,8.802791631035696,0.4534621334482758,0.7297759350000002,4.335362068965518,58
54.797649175257746,8.205257731958763,11.523296039618604,4.196258364076244,12.920744517233546,0.6929639640206186,0.019794407744638975,5.38341237113402,97
47.90092513432836,7.309835820895523,11.361503289302059,2.8686812144161933,15.919143780254853,0.169052751980597,0.023898789229850725,7.4001343283582095,67
52.04120904761905,9.23129761904762,10.667222432124905,3.3317880177317023,14.21028720657868,0.112902849404762,0.005063865880952145,3.7058809523809524,84
43.747126949152545,8.465805084745764,12.03418355778376,3.4662619243107993,13.934571451309758,0.28203335915254235,0.001559165398135609,4.553203389830508,118
39.8704576744186,7.881116279069768,13.424880048053769,4.668572241746959,7.986605861053606,0.12165982762790697,0.5337779831395348,2.5258372093023254,86
54.471395,3.06925806451613,13.578274508293362,4.417193126286447,9.525112899134527,0.07871655399999994,0.114593278,3.662387096774194,31
32.03767620833333,8.5405625,14.201008483589709,6.093220093649675,5.548479635240916,0.39060783854166664,0.021619550617500066,3.5382291666666665,48
60.04733784313726,4.202901960784313,13.476282722006356,4.572048250224793,8.365512233374218,0.21879250384313725,0.2207856088235294,2.495431372549019,51
35.453248886666664,4.599206666666667,9.562409841778482,3.4009355694652657,7.686947901246384,0.1861890499333333,1.2260536666947042e-5,2.3850000000000002,150
40.713476450980394,8.862509803921569,13.491448632084992,3.361618459807022,15.721952500143335,0.5087356537254903,0.44010694294117647,9.619254901960783,51
43.000298379310344,5.947327586206897,11.60515834511991,3.785462553209894,12.708999828743348,0.278375244137931,0.005793463413793137,4.489448275862069,58
25.837491801980196,6.959797029702971,9.679386322859738,3.148312176553979,7.992464851667816,0.23819674089108914,0.0010738663965348672,3.2132178217821785,202
32.5873726,5.1520399999999995,12.030202094552982,4.957962563362734,12.616035387873298,0.48896313,0.7686284316,4.14748,25
3.4318014260082066,7.210942622950819,10.601728040146536,3.0683794613338167,8.471900678875302,0.4996293659836065,0.009882311478196792,7.93454918032787,122
51.9053609375,5.2793125000000005,9.75934157511266,3.1313944419400417,9.696076542444908,0.15465694256250004,0.22890352821875,1.8217500000000002,32
47.74711877777777,9.604259259259258,16.926799570759243,6.639185530099358,11.020644629220147,0.27045751185185185,0.5879009081481481,3.9957777777777777,27
32.407516463917524,7.557917525773195,10.380022277904114,2.5963027458948718,14.798571819400236,0.09561048583711329,0.011968958462061613,6.3213402061855675,97
32.521197,8.676224637681159,10.019293622303957,4.300525338653353,9.110057877140006,0.34632808420289857,0.006984604842898701,3.280021739130435,138
34.728677305084744,9.320762711864408,13.194336273132633,3.345544437242932,15.3798143060455,0.380219153559322,0.5548269976271187,5.834406779661017,59
39.739481542372886,6.803864406779661,16.94219852728301,5.860647135436565,4.561510305341893,0.08345546418644068,0.4483971854237288,3.447830508474576,59
17.79721124264707,5.226915336764708,9.327766236490737,2.5670174647204345,8.151951570350667,0.30464280367647056,2.704530147074058e-5,2.944399577867647,136
43.06570980519481,6.785363636363636,15.269415232502467,4.675810704778744,6.847488425997955,0.27645379337662335,0.014228294493506377,4.205766233766234,77
35.73813162698413,6.221976190476191,9.962720758497303,4.18867954964365,9.361639389777263,0.2994087534126984,0.01580273755873013,2.842992063492063,126
39.53230430625,7.339475,13.428286910462228,4.052789637135028,9.713642202371911,0.07194203605624988,0.06283968299262499,4.3186625,160
29.202625239130438,9.102630434782608,12.758780741024248,3.1600110743356713,11.154512359468711,0.34767348239130436,0.4245483058695652,8.45845652173913,46
63.681622650793656,6.81031746031746,9.900555899526285,3.3627358064330566,11.487057584601972,0.1468549121428572,0.0006995595142856026,2.4561904761904763,63
32.15802528888889,8.197411111111112,11.736310619685119,6.092355121561221,9.082923182458948,0.3348335912222222,0.038503493827333285,3.5743444444444443,90
39.86581121276596,9.255148936170212,15.454003928180516,6.141402736723366,8.90918909972761,0.4514872944680851,0.8140224761702128,4.818085106382979,47
37.2251643559322,8.753338983050847,17.83493496163407,3.7427038258451475,11.86566624072621,0.5490308357627118,0.8199571823728813,5.8414237288135595,59
34.882110024096384,7.145084337349397,9.281682920350052,3.3721188687839025,10.12731870183244,0.11588906139759028,0.2698543084337349,3.0907228915662652,83
26.965179783068784,7.285179894179894,9.046367877721709,2.7877708278232634,8.377766049267915,0.0817071857650794,0.00012893024603208292,3.1235185185185195,189
22.141846192982452,9.348394736842106,12.0245364296433,3.302570048228711,10.45493737824006,0.7062476081578949,0.008691640854385896,3.794666666666667,114
33.05468675862069,6.614137931034483,15.211374340993325,3.6190891427674368,8.111898538792264,0.489129839137931,0.27940485862068964,6.8565689655172415,58
52.24295241666667,8.41875,14.352129924021567,5.567978584370101,15.524947119696765,0.17889950483333328,0.6922569169444444,5.260638888888889,36
39.00678025862069,8.501,17.076464224802123,5.459452971222358,7.839979436986576,0.5702338977586208,0.0002639300344827733,4.322137931034483,58
38.246793046728975,7.248878504672897,10.398391907079253,4.833694150142787,9.45810082178614,0.37444625607476634,0.012044919126354997,3.3365981308411214,107
48.73720234065934,5.761725274725275,8.978468131934385,2.986303868673062,8.187118043297973,0.14826391784615386,0.001446390399340386,1.5260549450549452,91
76.73993366000002,6.99824,12.298325625115037,4.429325013634512,11.816209330053644,0.17382747691999995,0.0022725780160000875,3.2684999999999995,50
43.8477191,8.140466666666667,14.454156225164393,5.962576439830468,7.80660055893215,0.04828943223333332,0.48159550366666665,2.239599999999999,30
42.699476171875,6.5869375,13.164444848059254,4.538211631225495,8.549484150841847,0.49195613796874993,0.48115086546874997,3.74259375,64
38.74541730508474,8.824025423728814,10.748760667174118,5.488600307242443,8.941096614879056,0.5123455213559321,0.036252543345593,3.644457627118644,118
27.53876344230769,6.7295384615384615,13.218798596841559,3.026256066097916,9.954214635475923,0.3153801048076923,0.43204212461538455,8.391884615384615,52
44.637781733333334,4.452166666666667,17.014968289984843,6.925104213045421,13.178494111999052,0.18083885500000005,0.63739708,4.877433333333333,30
26.881380279720275,7.715398601398602,10.27683878400397,3.358664726865787,10.525272720923555,0.17014266893706298,0.010122460055244947,3.5582097902097907,143
43.8482493,7.8657,12.171784733877121,4.7555181191135345,14.755797098398142,0.15585340575714285,0.6848197904285716,3.8396857142857144,70
29.169634489795918,7.994877551020409,11.374018834441685,3.5928515155476575,10.076507233495777,0.23311311108163263,0.008210873330611962,6.433887755102042,98
30.5773992012987,8.097714285714286,9.107407952160392,2.965720688346531,10.299968750165775,0.07763882021623389,0.012024407088831457,3.2719415584415588,154
49.03744341666667,8.618333333333332,19.685523286785415,6.945255388459154,8.395665698783874,0.3720248161111111,0.4690284519444444,6.259083333333333,36
39.321204910958905,7.722890410958904,11.339702695681835,3.8930598133731573,10.789997675589976,0.3487642973972603,0.011323376419041242,3.97572602739726,146
43.23205468932039,8.260203883495146,13.136435353158726,4.501930936383752,8.747060852318134,0.20059555949514563,0.3279280622330097,2.963543689320389,103
42.293616961038964,6.8914285714285715,13.711049124118594,4.918937686339279,8.00361056694352,0.36707242311688315,0.41828595805194807,2.0722727272727273,77
27.06579593700787,6.207047244094488,14.159240268496093,6.0194446959759755,7.580795390947807,0.24121115815748034,0.6843655887401572,3.5371181102362206,127
43.146859,6.124876712328767,15.057377525848011,5.554619704901558,5.288742472480849,0.16725251039726025,0.019943425605479403,3.7607260273972605,73
49.73173361290323,6.165048387096775,14.185832782129399,5.483323516587109,7.7609406159895435,0.4610739211290322,0.4822830430645161,3.778806451612904,62
14.644013433580245,6.249901234567901,9.50357399442134,2.485917684603395,10.659853989051676,0.3820080343209877,0.4718287398765433,8.354802469135803,81
25.602274824324326,9.803824324324324,16.317481194215574,3.8773492220375743,8.440899291374565,0.2536228942297297,0.7023163458108108,4.510162162162162,74
5.149026229488381,7.243790697674418,11.03242897824232,3.165953240134586,8.554699171983966,0.7227597188372092,2.1384656976486394e-5,7.984430232558141,86
42.17711469879518,7.562506024096385,11.742960111200874,5.6812692928285955,9.706626092273055,0.3044178320481928,0.02729832308710839,3.302469879518072,83
21.869302743902438,5.965158536585365,13.084507680385396,5.037666881008251,7.42543511148188,0.43917191902439023,0.42608149195121947,2.821890243902439,82
25.99913316091954,5.911459770114943,13.907474564038994,6.080515800946016,7.544331455216602,0.4742216070114943,0.7063335337931034,3.562712643678161,87
23.842783199999992,7.293635714285714,11.534715051728298,3.367672971482313,9.111083355290631,0.5014392164999999,0.0012149551614288046,6.852492857142857,140
41.887301762711864,8.96042372881356,11.581035622081034,2.90872768135056,14.034821511974094,0.08619318583050836,0.007741782809152609,7.431322033898306,118
24.928986607142857,9.261482142857142,11.873575417379078,3.0219947583294426,11.482840509896828,0.6143330705357142,0.38146367374999995,4.998839285714285,56
25.960875621621625,6.301522522522522,10.42336837820655,4.349876320004522,8.281349844625762,0.7236143503603606,0.011049887135135023,3.292531531531532,111
44.28806837209302,7.932976744186047,13.047267925866834,3.2219762886063927,16.293802361651807,0.31192873962790696,0.6775723646511628,5.392720930232558,43
29.3021765,9.013386363636364,13.325293358142932,3.2191131297664963,11.747025351526126,0.15101211336363635,0.6070309779545454,4.9017954545454545,44
37.47312792063492,6.365142857142858,9.120297328784865,2.7132629346979895,13.176884233619926,0.2540314553650794,0.03903807361015871,4.202857142857143,63
76.1501688148148,9.096925925925927,13.29330136692666,4.926368229766981,18.577960171704234,0.2365157442222222,0.05757578037037042,3.9002592592592595,27
27.55484026,6.85018,12.028215177888827,3.091781929873821,10.587022922790565,0.5593350384,0.3820799454,8.99042,50
13.732943442148763,6.712859504132232,9.829123145901569,2.8347167835873712,7.8695651381974745,0.3583023411570248,3.039802479343212e-5,3.4870330578512396,121
14.03763632636364,7.876081818181818,11.222655576242872,3.1774017907208907,9.245569863668804,0.5977502642727275,0.00022570531363630408,7.962009090909088,110
62.521784548387096,4.788032258064516,16.370141335072066,6.849569876066822,17.69548239634201,0.3846505170967742,0.58681224,5.949451612903225,31
52.93704120512821,8.169153846153847,11.913062936438823,3.702678951393588,13.771476082631384,0.08840687259615385,0.005612186533589997,4.375410256410256,156
30.974869657407407,6.787768518518519,11.085517957399233,3.2275752859621023,10.884341928342092,0.13287508033333337,0.007398132394907303,6.5835185185185185,108
31.80568016666667,6.703502228205128,14.719646982846333,3.6160445371042553,8.75578290300385,0.2870231962820513,0.15934588579871795,3.8575729358974353,78
30.34947630120482,8.084710843373493,15.054352697106758,3.463692942563461,8.678014594253739,0.2878061363855422,0.301810638313253,6.867795180722892,83
64.08493537735848,4.898169811320755,11.180872525013937,3.5708819606690567,14.65601912438262,0.18889108350943395,0.0005880911698113722,3.91488679245283,53
27.354425650000003,9.018374999999999,13.543134819744386,3.29302528746288,9.702214944865805,0.6996322484999999,0.360780623,8.412424999999999,40
29.85329285576923,9.501298076923078,12.818429554436811,3.3523636476134984,14.92485101537308,0.4493456575,0.02001170257307669,5.1227307692307695,104
29.50679121830986,4.7971901408450695,9.569574181208464,3.1078768079898085,8.095696876989644,0.323441188028169,6.861612887346102e-5,2.550971830985915,142
25.91666202173913,5.9089347826086955,9.95678205212082,3.485267400061956,10.504841850988289,0.2219282653913044,0.2779340008695652,1.9186956521739122,46
36.4291404047619,7.57022619047619,15.250108344000079,3.6240788425250123,8.770824626696015,0.24179466716666667,0.6776877175,9.250821428571427,84
43.71018543478261,5.746728260869565,13.903070955207735,5.487317904304551,7.592328542691959,0.10837066364130443,0.4506616725,3.502695652173913,92
53.65678825581395,8.715453488372093,12.542438899651962,5.255203283254597,14.721857843045719,0.6838745694186046,0.026783358296511517,5.576604651162791,86
50.5398748169014,7.815352112676056,14.283081047129329,3.631145583182298,13.38133685127185,0.21148282542253524,0.012911788577464695,4.752126760563381,71
34.87585145714286,7.412257142857142,14.8514603531337,3.595988686876343,8.652765188200913,0.48004825528571426,0.5452633234285714,9.202157142857143,70
45.481420848101266,8.572810126582278,15.939226399407373,6.589860227929309,10.124204556657487,0.22715065241772153,0.7862871445569619,3.698151898734177,79
37.32001212244898,7.3037551020408165,10.217393370329699,3.560567944199808,10.347467303811163,0.47074109285714283,0.3624081034693878,3.916724489795918,98
32.08808443902439,9.527731707317074,11.866488575223597,3.1215826904797606,12.447660437691109,0.6526801223170733,0.009737212081707108,8.449670731707316,82
39.33112328378378,6.441189189189189,13.327577493312614,3.4951404288120305,10.818511715166641,0.20424676086486487,0.02987995294918916,7.303797297297297,74
42.206676984848485,8.992848484848485,14.531325623962898,6.437914578656484,9.075078030599729,0.2922678972727273,0.35466879272727275,3.5439848484848486,66
38.04606361392405,8.420063291139241,10.607555465023452,4.025683705140518,10.344159589623583,0.12565035353797474,0.008416288291202778,3.598101265822785,158
47.39608444186047,6.295302325581395,9.970042301845552,3.4046680602732984,11.01942144518217,0.31809647790697676,0.015103830284341063,2.7231007751937977,129
28.37115313265306,6.121836734693878,10.176336876882027,2.5308884570602457,10.88583592779834,0.19109052604081633,0.31027567438775505,6.456530612244898,98
42.02742541732284,9.036338582677166,11.778409882485322,4.106607231385259,12.237888386191054,0.36372899425196853,0.007694208771023697,4.130228346456693,127
42.64971715909091,7.65,16.829872224058903,6.417612923079111,14.649242273936848,0.26816554045454544,0.4890453525000001,4.311772727272727,44
36.99266196969697,9.611636363636364,13.798966772536247,3.133526259913041,12.549961449543389,0.4172468787878788,0.7366568157575757,8.526424242424241,33
17.74549872957747,6.873014084507043,10.502951411899764,3.0470101529233977,9.122799042413513,0.33195410492957744,0.0015755539835209664,7.8919999999999995,71
46.634579328571434,9.926042857142857,19.678044769715093,4.022268174498362,15.591072711651094,0.30532642814285715,0.6589528714285713,6.138242857142857,70
44.18386018181818,4.3735,13.71609934489076,5.891304816632649,14.917504907586817,0.5223721145454545,0.5814623454545453,5.218090909090909,22
41.94790438961039,4.453324675324674,8.980176425267631,2.765971803037259,9.306189454046057,0.06606595980519481,0.019035549303246885,2.6743896103896105,154
46.60215136111111,7.258194444444444,18.121548794852053,7.197407162056075,16.36082199054452,0.2137633337777778,0.7318483663888888,5.19075,36
33.165961805555554,5.634861111111111,10.769491633923886,4.463845525774389,12.383621195789026,0.23466963877777774,0.5814643813888889,3.5893333333333333,72
27.23474708988764,7.897758426966292,10.006235352640218,4.242550786370497,8.161522840212088,0.638427043033708,0.003270762056180182,3.4408314606741564,178
39.804862723404256,6.130776595744681,9.584821435444228,3.3172529306938126,9.908776681637034,0.29550292499999997,0.5867669506382978,3.155414893617021,94
37.040868425,7.385925,13.98636249699937,4.245060439907634,8.639177038385865,0.441892504375,0.219931501675,3.1176624999999993,80
37.877614719101125,9.887112359550562,20.023401797567637,4.17233784819895,13.409867085799789,0.1954615416741573,0.72386956247191,5.63308988764045,89
42.44505536046512,8.516697674418605,12.560518469063462,5.161157268824571,17.209266111793877,0.5623580477906976,0.03149127464104645,5.2156627906976745,86
64.57732846511628,7.922302325581395,13.792455900138533,5.832416499839877,20.961127483536636,0.47527525162790696,0.1811814813023256,5.951651162790697,43
32.87235841176471,8.31013725490196,10.883667428383147,2.8685785192795477,13.073901082124085,0.33787448401960785,0.00602055897803902,6.927872549019607,102
34.88592754285714,8.738071428571429,9.355376006359242,3.1392806629425642,8.00660045571974,0.17717746818571428,0.005735835742857048,2.139557142857143,70
25.504894262135924,6.72831067961165,13.354287830591904,5.020131277916502,7.6143284001785165,0.24116943510679614,0.3760078727184466,3.0018252427184473,103
30.934625494505497,10.337956043956044,18.872688687637872,4.2786854507250425,11.222691825888198,0.19584383060439567,0.6602150235164834,5.154703296703296,91
38.34247812643678,6.46085632183908,8.947456919976126,2.808567305289675,9.68102748861851,0.07497624289137927,0.0035624049906899657,2.5168563218390805,174
25.37342392405063,6.130847068987341,10.42202720926884,3.2677682352343282,9.599577942974987,0.20318289462025316,0.005785957571139477,3.453901313354431,158
55.02856255932203,9.164694915254238,17.287032545868904,6.66710504194545,14.914506472666066,0.30292730898305087,0.7504806871186438,5.1030338983050845,59
21.887448946363634,9.628154545454546,12.097459918960995,4.2882469455965815,9.660147730595064,0.44069854327272723,0.026425099255818013,3.8860636363636365,110
63.99712844444444,8.064533333333333,13.22404008863581,5.02348371092021,16.107720551022773,0.31771670888888887,0.056037663244444536,4.334488888888889,45
53.44768692857143,8.316714285714285,13.402294870020452,3.2188813105818124,20.183680969490123,0.4456710835714286,0.3288846807142857,9.286642857142857,14
40.289858810344825,8.084120689655172,10.846645539428662,4.2317811771844385,11.112021453820093,0.6987212431034482,0.39232093793103445,5.031120689655173,58
47.843259,8.942125,15.677594303178855,3.9276264567707897,19.749354228353347,0.50871866925,0.3580610125,6.232724999999999,40
30.244102448863636,7.608136363636364,9.924432733714527,3.1587522133131225,9.859002569937248,0.34125384545454546,0.01681590885181844,3.201289772727273,176
41.867516651162795,10.277093023255816,16.092315344202667,3.6410804486458646,18.392790391837693,0.3038929020930232,0.5312877997674419,6.059116279069767,43
95.40071647826085,8.634130434782609,20.035051218723506,3.99104841868766,19.527204815125415,0.3328582704347826,0.7293428126086956,6.2247391304347826,23
42.48741134,8.9765,13.952974255810096,3.5163762306455366,16.530249501505548,0.24891732373999997,0.030940981980000143,7.23472,50
34.2433462826087,5.3060217391304345,15.611712916322226,6.669066715282699,9.79026379873395,0.21608169991304343,0.5538704671739131,3.8179347826086953,46
34.00981890909091,8.999954545454546,16.318622179326567,3.6208434704804375,12.018807236229872,0.6794485420454546,0.3523375275,5.321386363636364,44
29.92530260283688,9.592815602836879,13.670192426338605,3.6404271491171434,15.29009686142053,0.6602597127659574,0.018418796943475257,5.33590780141844,141
57.35870478846155,9.289153846153845,19.156544050571625,3.8141893298322938,14.498112835069305,0.4940645371153846,0.7860456473076922,9.896288461538461,52
31.85586764556962,6.555759493670886,11.285102556717076,5.872248523583192,8.630243893525959,0.449389744556962,0.04624752246962027,3.5844303797468355,79
31.371758314814816,7.161296296296296,14.16578708533693,4.924071886168542,5.473344654107428,0.5030818588888889,0.00038480037037044723,3.3816851851851846,54
16.178133315032678,5.805509803921568,9.67140075298845,2.708932726164725,8.01182992684053,0.1608210239215686,3.0531133177191805e-16,5.878803921568628,153
22.075837829268288,7.554731707317073,10.81735029705887,2.8116905453330814,10.821617664743396,0.22788723136585368,0.5705729092682927,4.149756097560975,41
32.732504418604655,7.716906976744186,14.100440564709013,3.6521397206582353,9.106954617527087,0.5266911574418606,0.2320340346511628,8.993465116279069,43
31.587126222826086,6.001951086956521,10.189400191845198,3.407082245707852,9.839088187937993,0.3734018225,0.01484422865543511,3.0433260869565215,184
38.986125390625,6.652765625,10.474965604704678,3.6828618076066952,12.03680540953482,0.44102507257812507,0.0024939643710938375,3.2335000000000003,128
36.539812592,9.228512,13.173450661509383,3.3976210592072973,15.71090416640969,0.5149336854400001,0.009500068721040061,8.062536,125
47.954267493506485,8.003519480519481,13.8772185772742,4.7456355015943466,8.482288793388786,0.3896553005194805,0.5075534867532467,4.464805194805195,77
38.639074041420116,7.201786982248521,13.639445506152272,4.612230374834073,8.237578524159112,0.11066980913609473,0.2635140353254438,3.0610532544378697,169
41.85131738666667,8.950000000000001,14.631835214326227,5.63815544482518,8.344356031668708,0.5102993725333332,0.4138879318666667,4.7802533333333335,75
53.93151946376811,4.0192028985507235,9.79481677587512,3.1133733204064793,11.158592517090709,0.1437264951884058,0.03438545601014492,3.1281449275362316,69
42.353745076335876,7.138389312977099,9.561336243187625,3.351535385717529,9.594594016279036,0.14093010302290074,0.017233175823206187,2.4964274809160303,131
51.44907346575343,9.184,12.029639951423192,4.366257076223556,13.433746906250331,0.3043851983561644,0.03711635141780817,5.127876712328767,73
33.54326778504673,5.566140186915888,12.455701576591023,3.889059688483657,4.736435038766075,0.18964768150467287,0.0008690675859812369,2.762990654205608,107
30.380144422077926,7.595019480519481,10.646675304110666,4.195984569345083,10.64765833697781,0.46751990642857144,0.0053585991462340166,3.244337662337662,154
58.24128806060606,7.466545454545455,17.170198827305477,6.6718652830733465,13.96704188170082,0.22317381177272727,0.7113611537878786,5.080772727272727,66
39.12348816883117,5.805363636363637,17.05751964139873,5.892737467308402,4.396755875050329,0.2590696412987013,0.31831191716883117,3.6524545454545456,77
29.3223277972028,7.302444643356643,10.784597924663785,2.974229154921523,12.434837238000416,0.12610430383916088,0.013767048419021127,4.154483025174825,143
32.87889520454546,6.918189393939394,14.996794431565576,3.4959613818929354,8.672827466618878,0.1702628071060605,0.32434096575757576,6.541121212121212,132
65.26504805660377,4.110056603773586,9.404286011196348,3.222058425875552,9.162240438680328,0.24379683254716983,0.03501730581132084,1.8474905660377359,53
48.32505596774193,8.42616129032258,12.005754525768111,4.340403131857782,19.58450349555347,0.36808218322580644,0.03173494863387094,4.848145161290322,62
46.008558782608695,7.957369565217391,14.000780245871129,6.005226671466148,17.427753933735975,0.47296324195652173,0.44479202826086955,5.391478260869565,46
24.62859892727272,7.829336363636363,14.623841201544217,3.3760532598490887,8.618551036073189,0.324391141,0.5275447345454545,4.203445454545454,110
40.663253674698794,8.349698795180723,14.035066729725466,5.852866419305416,7.945548844950209,0.3278083351807229,0.5544399989156628,4.241831325301205,83
51.5720780326087,7.016728260869566,10.190143135788514,3.14887405401924,13.933819750910217,0.08245464846847819,0.013825361230434624,3.9454891304347828,92
31.96974746976744,5.886739534883721,8.963479828862976,2.717869359297948,10.436846180093069,0.07386173246279071,0.011637123165814056,3.7126046511627906,215
35.6389227810219,6.735160583941606,9.95908303671057,4.006360561147454,9.714775373505546,0.47294721036496346,0.00713256517007313,2.9387737226277375,137
44.886297199999994,7.642690909090909,12.58965359546423,5.34125515707983,15.122945700835393,0.7389865854545454,0.033050816563636426,5.153527272727273,55
36.14955775,5.277107142857142,9.63575228431845,3.5164906647326752,9.726816554698908,0.20406940734523815,0.5222848196428571,2.5619047619047617,84
33.756015365079364,5.8281746031746025,9.105541352205702,2.9580933577580395,8.522449957648089,0.15629160849206356,0.0026973096910056504,2.1875608465608467,189
56.12808904166667,8.446979166666667,23.10583089518032,7.841415719894792,8.059565841285696,0.43607751979166665,0.7412079443749999,6.328375,48
28.211875857142857,6.787868131868132,13.323572806922327,6.117248349565607,7.645002954338771,0.37996271593406594,0.40308855879120886,3.700505494505495,91
24.550644470588235,9.755705882352942,13.533239230451825,4.405231607735781,10.272940843394766,0.2661459091176471,0.048262594856323504,4.102941176470588,68
14.900878767857144,7.4640892857142855,9.24966975998839,2.600158927751239,8.731171306639906,0.0804970430357142,0.00032840723035706954,5.699642857142857,56
33.59798779562044,7.191007299270073,10.536729761327159,4.123886711574646,10.485857996917877,0.6345462078102191,0.006674036961313995,3.6270510948905113,137
33.804532,7.345207547169811,12.255666851404694,4.806537128057302,14.193663897814513,0.3654237133962264,0.7078011954716981,3.943339622641509,53
11.82123846854839,8.344427419354838,10.801577515434307,3.2610784983775023,8.172327808836764,0.41564674483870967,0.0008420320666129577,3.364895161290322,124
48.201940008547005,8.346324786324786,10.351339647430548,3.729023749130913,11.612576817915416,0.11455996763247858,0.0019402392648718014,3.1522735042735044,117
24.828737123809525,6.342047619047619,9.424279834842462,2.3431272211717484,12.004040553287313,0.06581490158380959,0.04069867915485703,4.904142857142857,105
36.20173163793103,5.849189655172413,14.113966252986407,4.443857420065611,5.709176396955608,0.1690722719482759,0.4600263398275863,3.7782241379310344,58
31.65629943859649,7.90519298245614,11.32903935978439,2.8713040241923675,11.013130365561452,0.31511008263157897,0.435096820877193,6.938508771929824,57
29.93363151724138,8.633988505747126,10.192031416395498,2.7201456206690997,11.863719469373866,0.08678988996551726,0.017809494065057246,6.712988505747126,87
25.08211938181818,6.1128409090909095,9.986022114809222,3.344956507305376,8.1361441386012,0.3887518226818182,0.002215739113636317,3.227772727272728,220
32.29128366917293,6.90712087368421,10.62329886777944,3.6029659324458985,11.64718634133194,0.25953834421052635,0.010129860489022618,3.075790007518797,133
67.517297,3.50975,14.053736789907818,6.174190367062657,18.199322918256325,0.565621715,0.25647801708333334,5.944416666666667,12
45.737825248175184,6.2578467153284665,13.052338116780891,4.358105153492409,8.977242863790103,0.07065932518248175,0.06981256850635036,3.048766423357664,137
47.783635914893615,7.614978723404255,12.251643015873682,4.911986744669807,18.22522138425539,0.2571489309361702,0.7902116027659571,4.395787234042553,47
43.004865836363635,7.579445454545454,10.828513182816083,3.0392049616376684,14.19539081910306,0.2366220958181818,0.00322657500309087,4.534781818181818,110
48.56459077272727,9.278295454545454,14.280983216757047,3.165819087908072,17.01581133737214,0.2214589270454545,0.6977948834090908,9.11234090909091,44
37.97986706818182,6.129204545454545,14.078042019634696,3.5607336169159134,8.979815288996432,0.3607314288636364,0.4761926590909091,9.359295454545455,44
24.025178768518522,9.191083333333333,12.041458281979335,3.3338385311428147,12.248064300690825,0.4376205086111111,0.0053695115648146885,4.104490740740741,108
25.455878648936174,7.767170212765957,14.90429791108853,3.4228291046345722,8.61272406115355,0.12086522471276592,0.5294505569148935,4.239808510638298,94
50.90677789534884,6.502546511627907,10.767294884921451,4.553736536425738,9.576352348942283,0.1639587974534883,0.015870714790813784,2.569476744186046,86
63.999317999999995,10.656615384615385,20.55352596495351,3.829269601287422,19.042050474826347,0.20973188853846153,0.4436289307692308,9.161,13
33.11762656774194,7.157141935483871,9.480391484184565,3.3335790980598876,7.585674647903424,0.07779352817419355,0.0049411664903228625,2.196264516129033,155
37.197345972972975,6.550297297297297,14.308208773803276,5.625008277701669,8.957093708656814,0.38000596635135137,0.5906459058108109,3.7380810810810807,74
37.89005158139535,7.755709302325582,11.775247095398717,3.1934077610416494,13.927856809966734,0.49241888302325576,0.006609348651162555,3.831627906976744,86
32.020704357142854,7.2903690476190475,14.968555706412538,3.314304892139167,8.852258436072939,0.13217863969047625,0.4816916484523809,8.043666666666667,84
33.200473,8.907243243243244,14.253818713995775,3.429245218799717,9.712891056548486,0.0746849629009009,0.039666908120900846,6.71809009009009,111
54.38072210447761,7.8872985074626865,15.410204232902128,6.247542389109053,12.990536825812267,0.5329536408955224,0.779334642686567,5.24489552238806,67
57.40527352941177,9.534729411764706,13.091528438825755,5.4882617386932395,18.735892155493186,0.5760587916470588,0.021318538489411676,5.569894117647058,85
22.942127024000005,6.168944,9.068764558199213,2.6587803997134296,10.218783047157226,0.35003496808,0.03302471564479992,3.2151440000000004,125
62.61628619565218,9.4495,19.034373978889327,4.146609245418233,18.088625499452966,0.4444715795652174,0.679948876521739,6.26254347826087,46
-0.0832747441640791,5.92847572815534,9.969030728616593,2.8289570752009476,7.963750029467162,0.402185253592233,0.008930672813203727,7.6997572815533974,103
42.32621657352941,9.168073529411766,11.753446706326882,2.9592265552940162,14.110812042923557,0.3925959763235294,0.011474919996176391,8.215970588235296,68
49.6370478125,8.43140625,17.80518157210496,3.813886384346611,10.7275883974937,0.14650246640625,0.29997082346875004,5.58025,32
38.419732317460316,7.390920634920635,15.882900609539545,3.7751722182973726,8.527998638708334,0.08903931267460319,0.4806910918253968,3.9314841269841265,126
43.47860528571429,6.262142857142857,11.57365162137511,4.93209630370414,15.02044257437807,0.7353348252380952,0.5579182076190475,5.220857142857143,21
35.46125009589041,7.635972602739726,16.67134555267274,6.8591665910904265,11.379446763453583,0.17226825736986304,0.6218284956164384,4.017397260273972,73
39.69095376923077,7.265141025641026,13.75303711774233,5.863003306216093,8.629177477628033,0.19968732382051288,0.26941910133333336,3.2128846153846147,78
23.089315305084746,6.520457627118644,10.114773565071843,3.945763307871323,9.387039357460221,0.33576481101694916,0.3745203389830508,3.2523728813559325,59
34.975217426229506,8.864688524590164,12.476684398872745,2.9841847759334423,12.28491785072102,0.19876960909836067,0.7068450257377048,7.41544262295082,61
28.9387553877551,9.550163265306123,13.356138520477675,3.0550830587961224,12.164349895798091,0.5318296024489796,0.7581639240816325,4.719755102040816,49
37.0105633852459,6.759434426229508,10.662215614825996,3.7354513116917056,10.3808167287521,0.09982843627049173,0.013650025677458988,3.7510081967213114,122
40.49543842718447,8.859766990291261,12.735681243003894,3.354826524034726,16.244929031208805,0.5188244131067962,0.01741096881650467,5.1308446601941755,103
26.20173042857143,8.125956043956045,14.557274043506057,3.442480484616147,8.577926779435373,0.2873200887912088,0.2573996599230769,3.721978021978022,91
47.52999376119402,8.688343283582089,11.635625408934521,4.221927362124492,10.744327916128338,0.2777501102985075,0.705277798358209,4.499701492537313,67
27.458973308900525,6.074282722513089,9.505198382713122,2.824780713771479,8.241083722157526,0.24929847670157068,0.00021905278010503348,3.1840890052356023,191
36.44654533027523,5.532064220183486,9.302738080821246,3.126420948028671,7.944281351505651,0.2745506129816514,1.4763260550415547e-5,2.3003899082568817,218
21.991858135,4.873256250000001,9.942552795242094,2.842825098416598,8.142734577087284,0.3054648523125,3.3306690738754696e-16,5.67275,160
30.761134213675213,7.417854700854701,15.352741125796499,6.283731986899907,9.225962717917067,0.2423803429487179,0.7497094099999999,3.5842478632478634,117
47.79955896296296,6.338222222222222,14.43156141254479,6.213453661430398,14.77768858651542,0.746610691111111,0.5905055007407407,5.229592592592592,27
28.64578803108808,5.675725388601037,9.6565591069082,3.064440617166764,8.081896640709147,0.07856972976839377,0.0008879352440417931,3.288305699481865,193
27.505557908602157,7.827548387096774,9.59588097369439,3.3386231957100163,8.298829190144813,0.17699210911827953,0.0012478594163444767,3.2189408602150533,186
43.27133413043478,9.300956521739131,14.747889495152219,3.7883602662731075,20.404402331888402,0.55042695,0.022497602697101438,5.897637681159421,69
19.489620517482514,5.253139860139861,9.182178156115452,2.3841950617619228,8.943864558829643,0.05964402905944055,0.0010763451300701554,4.307657342657342,143
27.697999432835818,6.905574626865672,9.877397077290073,3.3414339042362573,9.618415317162492,0.21720613342537315,0.008995893073880684,2.067194029850745,134
42.75566172222222,8.256541666666667,17.421295484909987,4.693140839999219,11.546521939374152,0.19463729220833334,0.7337484281944446,5.097013888888889,72
73.67816163999998,8.94948,15.320905335279011,3.765686876471971,22.461887646594576,0.38500330759999996,0.39377378508000005,6.11308,25
41.067420999999996,5.059448275862069,11.86816058076448,3.8925236491705406,9.012729599318828,0.08104420337586205,0.4662861586206897,3.1951379310344827,29
51.4667076547619,9.617642857142856,11.948758862700805,4.90017093727083,17.27803453503128,0.6004559204761905,0.004034941581309404,4.574857142857143,84
43.467413267605636,9.453394366197184,14.410357799331242,3.5609178319760613,18.66120332129987,0.4290979281690141,0.039039775090140894,8.86343661971831,71
33.35651750769231,9.391430769230768,17.542906667142358,3.8076304418009763,9.35577051212947,0.5078038269230769,0.47040895707692315,5.168507692307692,65
79.28709752777777,8.48011111111111,15.839098529469352,6.424730600357811,17.33611537036255,0.4389176555555556,0.4527361544444444,5.703249999999999,36
47.59993652,8.444799999999999,16.902510898793864,6.161550626859995,8.532658569362017,0.2969588498,0.5847298642000001,5.36892,50
47.725614865384614,7.233730769230769,16.259852558783727,6.295631182794029,11.377285368696338,0.14768791265384618,0.8017534090384617,4.423,52
34.463488647058824,8.586213235294117,11.110656010345553,3.6630124953840046,12.770794771851346,0.17769367766176467,0.00212785919117664,3.595014705882353,136
20.727557344086012,7.568935483870968,9.989123454950256,2.8171434784002534,10.187657779938784,0.42218717494623653,0.033921705926236445,3.9327956989247315,93
38.579567677419355,8.571693548387096,12.003244514911682,3.7978261159156466,16.81297774765624,0.2638026291451613,0.010485667630967727,4.351435483870968,62
64.92737338095239,7.494698412698413,17.366979717305032,6.665393580325696,18.655356815986373,0.3074607931746032,0.6480568093650794,5.639396825396826,63
37.16354993258427,9.854831460674157,18.529145863773515,4.02153765212144,10.219091762351471,0.18446149115730334,0.76852078741573,8.10785393258427,89
35.39335683076923,8.003907692307692,12.087777267125597,3.1566478644372844,13.105636401496657,0.2263119846307692,0.6650612081538462,4.718446153846154,65
56.75890607017544,4.473894736842107,8.954011560410864,3.088312741035818,9.087131799637268,0.40591465122807013,0.051105921807017646,1.7895964912280702,57
39.61131508510638,8.787106382978724,11.695867348801713,4.854106210106914,11.51832434652293,0.14795810342553195,0.5529955540425532,3.7192978723404257,47
66.1017154404762,7.31075,11.75710752227567,4.121995282201841,12.80358759420643,0.4375677670238095,0.009313846926190278,3.853297619047619,84
37.18179620731707,7.7679634146341465,10.415794336238612,4.132924906114841,10.285744227710259,0.479795973292683,0.6953572749999997,4.3405609756097565,82
38.125954532608695,5.34516304347826,9.764037654837452,3.5408728933495013,10.301567680944435,0.1509515564565217,0.2916345551086957,2.721076086956521,92
26.93094874496645,7.157597315436242,13.240184778160328,4.673312468516783,8.224918866017177,0.285813315704698,0.1123206220033557,3.292637583892617,149
37.663967176470585,9.5425,12.946563867976108,3.2809012604846286,18.450622981651712,0.20357385020588234,0.7925765970588234,5.436088235294117,34
46.74794450442478,8.459141592920354,10.599282361859393,3.1338459506624075,15.310455797049338,0.06896510585929189,0.019753283180176856,4.761424778761062,113
33.23676104419889,8.831132596685084,10.226047331081093,4.495097769030508,9.052661505107942,0.5297054802209945,0.0013568168764645228,3.209939226519337,181
43.937900020408165,4.973938775510206,13.3282484497243,5.07686554953124,7.904334958908857,0.3506424404081633,0.28006695938775505,3.1025510204081637,49
49.401797090909085,8.988272727272728,17.623256338325433,3.7309750095911673,9.3555565634754,0.47215957999999997,0.38860041272727275,8.846212121212123,33
140.90601454545455,3.260545454545455,11.46475756371937,4.098343975931866,11.559534709192295,0.3401675727272727,0.03411624199999996,3.468363636363636,11
40.359344725490196,6.294127450980392,9.697430306440962,3.267036132396545,9.239523742769107,0.633091161862745,0.023388476696078186,2.7278333333333338,102
47.733867760683765,7.047264957264957,10.551900197440338,3.9488222076152306,11.424123779084535,0.12484397665811967,0.007481178697948648,3.8135042735042735,117
